Tweet_ID,id,Sentiment_Label,Created_at,location,followers_count,Original_tweet,User_id,Content,Retweet_count,Tweet_ID__1,Year,Month,Tweets_Clean
1289351271363694592,17,negative,2020-08-01 00:04:32+00:00,United States of Gods America,784.0,0.0,34817173.0,"The teen (im gonna get hell for this) probably had some underlying condition...like grossly obese....or maybe he got hit by a falling lamop during a earthquake after dodging a meteor while balancing on a bridge ovr looking PedoWood...but had the #Rona 
Sooo that counts https://t.co/qIRXK8h3Ni",0,1289351271363694592,2020,8,teen go get hell thi probabl underli condit like grossli obes mayb get hit fall lamop dure earthquak dodg meteor balanc bridg ovr look pedowood rona sooo count
1289353890442272768,18,positive,2020-08-01 00:14:57+00:00,,2295.0,1.2890097799066665e+18,81040137.0,I can‚Äôt wait till he recommends we all wear earplugs to keep the #Rona üêú out of our eustachian tubesüëÇüèªüôÇ because then it will be so much easier to just tune him out altogether https://t.co/QYgEZnCcny,257,1289353890442272768,2020,8,wait till recommend wear earplug keep rona eustachian tube becaus much easier tune altogeth
1289350127497314308,21,negative,2020-08-01 00:00:00+00:00,,3498.0,0.0,306888172.0,"I'm sneakily watching the fighting game publisher round table at my dad's birthday bbq but honestly I don't expect much aside from ""ugh covid 19 really hurt local fighting game tournaments but shikatanai nothing we can do""",0,1289350127497314308,2020,8,sneakili watch fight game publish round tabl dad birthday bbq honestli expect much asid ugh nineteen realli hurt local fight game tournament shikatanai noth
1289350127518232576,23,neutral,2020-08-01 00:00:00+00:00,"Newport Beach, CA",2074.0,0.0,3131353929.0,"There are few things people want me to opine on more than what I think will happen to the market in light of all the COVID and economic uncertainty, and what I think about big tech in light of its persistent popularity and performance.  #investing https://t.co/QRASzyK8zd",0,1289350127518232576,2020,8,thing peopl want opin think happen market light econom uncertainti think big tech light persist popular perform invest
1289350127723794432,24,negative,2020-08-01 00:00:00+00:00,"South Bend, IN",78.0,1.289337573513605e+18,1247750384.0,Let‚Äôs not mince words on this one: Americans are dead because the Trump administration wanted to use this pandemic for political gain. https://t.co/YM8CSuF43x,23270,1289350127723794432,2020,8,let minc word thi one american dead becaus trump administr want use thi pandem polit gain
1289350127845400576,26,neutral,2020-08-01 00:00:00+00:00,N.Y. U.S.A. ,18244.0,0.0,2279225400.0,"4 takeaways from House hearing on coronavirus response with Fauci, Redfield and Giroir https://t.co/cA0YOqzg7d",1,1289350127845400576,2020,8,four takeaway hous hear coronaviru respons fauci redfield giroir
1289350127870599168,27,neutral,2020-08-01 00:00:00+00:00,,151.0,1.2891921515411415e+18,2508485209.0,"Congressional hearings on Covid open up with Chair Clyburn citing the Vanity Fair article about Jared and Trump decided not to move forward with a national testing plan because the early outbreaks were in blue states.

They should face crimes against humanity when this is over.",8425,1289350127870599168,2020,8,congression hear open chair clyburn cite vaniti fair articl jare trump decid move forward nation test plan becaus earli outbreak blue state face crime human thi
1289350127879036931,28,negative,2020-08-01 00:00:00+00:00,"Arkansas, USA and Namibia ",121.0,1.2892652579494543e+18,183062793.0,"The fake news media doesn't want you to see this clip, so let's drive them crazy and make it go viral!!! https://t.co/nKtoOQxxcY",31060,1289350127879036931,2020,8,fake news media doe want see thi clip let drive crazi make go viral
1289350127988047873,30,negative,2020-08-01 00:00:00+00:00,"Washington, DC",484.0,1.2890503051166802e+18,65725561.0,"I cry as an epidemiologist for Herman Cain‚Äîbecause he believed this all the way until he was infected. We should not have schadenfreude. I just cry for all the people we lost because they didn‚Äôt hear our alarms, and didn‚Äôt believe in science. RIP. #COVID19 https://t.co/ibbL8XWrN6",1605,1289350127988047873,2020,8,cri epidemiologist herman cain becaus believ thi way wa infect schadenfreud cri peopl lose becaus hear alarm believ scienc rip covid19
1289350129850277891,32,negative,2020-08-01 00:00:00+00:00,,2278.0,0.0,43500616.0,Removing germs through handwashing therefore helps prevent diarrhea and respiratory infections and may even help prevent skin and eye infections. #HandHygiene #WashYourHands #PatientSafety #Covid19 https://t.co/hS4EZzrgUZ,0,1289350129850277891,2020,8,remov germ handwash therefor help prevent diarrhea respiratori infect may even help prevent skin eye infect handhygien washyourhand patientsafeti covid19
1289350129900642306,33,neutral,2020-08-01 00:00:00+00:00,"Miami, Fl",172.0,1.2893109874561352e+18,30680344.0,The plug could be pulled on the MLB season as soon as Monday https://t.co/eed8wBDEwC,271,1289350129900642306,2020,8,plug could pull mlb season soon monday
1289350129909207047,34,positive,2020-08-01 00:00:00+00:00,Hong Kong,799240.0,0.0,23922797.0,"Masks have become an iconic symbol of the #Covid19 pandemic. For one Hongkonger, it has also been a creative outlet to document history. https://t.co/E8QipPFgW4",8,1289350129909207047,2020,8,mask becom icon symbol covid19 pandem one hongkong ha also creativ outlet document histori
1289350130131378181,35,negative,2020-08-01 00:00:00+00:00,Los Angeles /Amsterdam,7968.0,0.0,8.191944898016748e+17,@JReinerMD Every time when I see this my BP goes up. This Covidiot is in more than one way very bad for my health and the health of our fellow Americans,0,1289350130131378181,2020,8,jreinermd everi time see thi bp goe thi covidiot one way veri bad health health fellow american
1289350130148290563,36,positive,2020-08-01 00:00:00+00:00,"Washington, DC",58621.0,0.0,29447358.0,"Fordham has been collecting the best ideas for dealing with the pandemic and distance learning‚Äîincluding highlighting schools, teachers, and parents doing this well. Our growing list is now 112 items long. Check it out here: https://t.co/mbohmq2N8S https://t.co/XK8wlak2s7",0,1289350130148290563,2020,8,fordham ha collect best idea deal pandem distanc learn includ highlight school teacher parent thi well grow list one hundred and twelve item long check
1289350130181836800,37,neutral,2020-08-01 00:00:00+00:00,United States,19621.0,0.0,574807922.0,"#FromTheCenter: We Still Don't Know All the Long-Term Consequences of 'Mild' COVID-19 | Reporting by @lifehacker 

#Coronavirus #PublicHealth #Healthcare #Pandemic 

https://t.co/sv5jBLT3FG",2,1289350130181836800,2020,8,fromthecent still know longterm consequ mild nineteen report lifehack coronaviru publichealth healthcar pandem
1289350130215325701,38,negative,2020-08-01 00:00:00+00:00,,735.0,0.0,1.2809598100207944e+18,JPML judges struggle with 'nightmare' prospect of COVID-19 insurance coverage MDL https://t.co/ZW6fKw9Uh1 @AlisonFrankel https://t.co/gKwIahYLGz,0,1289350130215325701,2020,8,jpml judg struggl nightmar prospect nineteen insur coverag mdl alisonfrankel
1289350130236260353,39,negative,2020-08-01 00:00:00+00:00,Toronto,614729.0,0.0,19000033.0,Toronto's Caribbean Carnival is being held virtually this year because of the COVID-19 pandemic. CBC Toronto News at 6 anchor @DwightDrummond spoke with writer Amah Harris about the history that ties Emancipation Day and Carnival together. https://t.co/yBNbZRKtoJ,3,1289350130236260353,2020,8,toronto caribbean carniv hold virtual thi year becaus nineteen pandem cbc toronto six anchor dwightdrummond speak writer amah harri histori tie emancip day carniv togeth
1289350130240557056,40,neutral,2020-08-01 00:00:00+00:00,"Chattanooga, TN",116119.0,0.0,15741370.0,"Governor Gretchen Whitmer has vetoed a Republican-led bill that she says would have jeopardized the health of Michigan‚Äôs nursing home residents and other COVID-19-positive patients.
https://t.co/ygQi3Be3Pw",0,1289350130240557056,2020,8,governor gretchen whitmer ha veto republicanl bill say would jeopard health michigan nurs home resid nineteen posit patient
1289350130244521985,41,negative,2020-08-01 00:00:00+00:00,,118.0,1.28932517431194e+18,9.28432209693782e+17,The NHS Trust in charge of Belmarsh prison where Julian is incarcerated just confirmed there have been no positive #COVID cases in the prison for weeks. Why are there no family visits? We haven't seen Julian since March! @RobertBuckland https://t.co/l5eqg7QEQc,154,1289350130244521985,2020,8,nh trust charg belmarsh prison julian incarcer confirm posit case prison week whi famili visit see julian sinc march robertbuckland
1289350130244759554,42,negative,2020-08-01 00:00:00+00:00,"Charleston, SC",95782.0,0.0,15109904.0,"Dr. Fauci said inconsistent responses to the pandemic across states and a failure to adhere to expert guidance prevented the U.S from containing the outbreak as effectively as some countries in Europe

https://t.co/iFrjzbjkjK",1,1289350130244759554,2020,8,dr fauci say inconsist respons pandem across state failur adher expert guidanc prevent contain outbreak effect countri europ
1289350130261348352,43,neutral,2020-08-01 00:00:00+00:00,,493.0,1.289299038748029e+18,8.798478012152218e+17,It's past time for another pandemic history session on #COVIDCalls--are you a historian of medicine/public health or know one who might want to join me? Get in touch!,9,1289350130261348352,2020,8,past time anoth pandem histori session covidcallsar historian medicin public health know one might want join get touch
1289350130286473216,44,negative,2020-08-01 00:00:00+00:00,"Lilongwe, Malawi üá≤üáº",1949.0,1.2892748103551836e+18,251169561.0,"Malawi has registered 97 new COVID-19 cases, 68 new recoveries, and five new deaths. Three of the new deaths are from Blantyre, and one each from Nkhotakota and Phalombe. Let me convey my deepest condolences to the bereaved families. May their souls rest in peace.",13,1289350130286473216,2020,8,malawi ha regist ninetyseven nineteen case sixtyeight recoveri five death three death blantyr one nkhotakota phalomb let convey deepest condol bereav famili may soul rest peac
1289350130328580102,46,neutral,2020-08-01 00:00:00+00:00,,69.0,1.289337654874534e+18,7.850802315393802e+17,Around 200 Muslims practiced social distancing as they gathered on a playing field in Croke Park stadium in Dublin to celebrate Eid al-Adha. https://t.co/hF2Vdek8Sd https://t.co/tmOCqWPxZ3,27,1289350130328580102,2020,8,around two hundred muslim practic social distanc gather play field croke park stadium dublin celebr eid aladha
1289350130462871552,48,neutral,2020-08-01 00:00:00+00:00,"Mountain View, CA, USA",13878.0,0.0,287859136.0,Never before have so many people been immobilized at once the world over. https://t.co/08k1PrQZbV,0,1289350130462871552,2020,8,never befor mani peopl immobil onc world
1289350130487853057,49,neutral,2020-08-01 00:00:00+00:00,,1608.0,1.2893488845824205e+18,1.2213660007523246e+18,Small U.S. business defaults up in states hit hard by COVID-19 https://t.co/hlYNTZgJpn https://t.co/KgwYEbgd1T,15,1289350130487853057,2020,8,small busi default state hit hard nineteen
1289350130496233479,50,neutral,2020-08-01 00:00:00+00:00,,402.0,1.2893478459384832e+18,1.0766199857898783e+18,"You keep hearing, without any evidence, that we had ‚Äúno national plan‚Äù to combat COVID. But that has never been true, and ignores the significant steps taken by the federal government and private industry.

@SteveScalise debunks the myth: https://t.co/GIHIDFF4Ow",2154,1289350130496233479,2020,8,keep hear without ani evid nation plan combat ha never true ignor signific step take feder govern privat industri stevescalis debunk myth
1289350130500419585,51,negative,2020-08-01 00:00:00+00:00,Delmarva Peninsula,12063.0,0.0,519682873.0,"‚ÄúI‚Äôm going to be honest with you, I‚Äôm scared. I really am,"" said Nationals Manager Dave Martinez, who has a heart condition. https://t.co/CjXNIkb3Eo",0,1289350130500419585,2020,8,go honest scare realli say nation manag dave martinez ha heart condit
1289350130555138048,52,neutral,2020-08-01 00:00:00+00:00,"Lloydminster, AB",2469.0,0.0,40313810.0,"With COVID-19 continuing to put restrictions on large social gatherings, many of Lloydminster‚Äôs different places of worship have had to adapt.

https://t.co/lmiy0RZ3Zh",0,1289350130555138048,2020,8,nineteen continu put restrict larg social gather mani lloydminst differ place worship adapt
1289350130559102978,53,neutral,2020-08-01 00:00:00+00:00,"Indianapolis, IN",270544.0,0.0,16550142.0,IU is acknowledging 23 new positive cases that were not previously reported as of its last update on July 17. https://t.co/fVqe9PJRaE,5,1289350130559102978,2020,8,iu acknowledg twentythree posit case previous report last updat juli seventeen
1289350130638794753,54,negative,2020-08-01 00:00:00+00:00,United States of America,3806.0,0.0,1.275546465247662e+18,"@maziehirono &amp; @SenBrianSchatz, the US Senate went home for the weekend with no action on coronavirus relief. Federal unemployment benefits will expire tomorrow and rent is due, with millions facing potential eviction. This is NOT okay. #ArtsHero",0,1289350130638794753,2020,8,maziehirono senbrianschatz senat go home weekend action coronaviru relief feder unemploy benefit expir tomorrow rent due million face potenti evict thi okay artshero
1289350130705956864,55,neutral,2020-08-01 00:00:00+00:00,,20.0,1.289207475212755e+18,1.1697932148339425e+18,Big Tech in now dispensing and judging medical advice and opinion on #Hydroxychloroquine and #coronavirus. Is this legal?,1979,1289350130705956864,2020,8,big tech dispens judg medic advic opinion hydroxychloroquin coronaviru thi legal
1289350130735280128,56,positive,2020-08-01 00:00:00+00:00,Cincinnati oh,1429.0,1.2892591068977848e+18,1061679918.0,"Mitch McConnell is obstructing over 200 bipartisan bills, ones that would make prescriptions more affordable, invest in infrastructure, expand voting access, and tackle the opioid epidemic.
Our mission: Remove Mitch from the swamp he created and return integrity to the Senate.",9684,1289350130735280128,2020,8,mitch mcconnel obstruct two hundred bipartisan bill one would make prescript afford invest infrastructur expand vote access tackl opioid epidem mission remov mitch swamp creat return integr senat
1289350134321623041,57,neutral,2020-08-01 00:00:01+00:00,"Indiana, USA",1823.0,1.2892348257447977e+18,290324779.0,"Glad to see Dr. Fauci finally come out and admit that protesting &amp; rioting did spread COVID-19.

I wish he had been able to share those sentiments when these acts were taking place.

Many lives could have potentially been spared.",2980,1289350134321623041,2020,8,glad see dr fauci final come admit protest riot spread nineteen wish abl share sentiment act take place mani live could potenti spare
1289350134342529026,58,neutral,2020-08-01 00:00:01+00:00,"Chicago, IL",2637.0,0.0,803179230.0,Do you think it's safe to take a family vacation right now?‚Äã https://t.co/ImDABiDgVi,0,1289350134342529026,2020,8,think safe take famili vacat right
1289350134350872576,59,negative,2020-08-01 00:00:01+00:00,Baltimore,257114.0,0.0,24920395.0,"The Trump administration failed to properly manage and negotiate contracts for ventilators, both before and during the coronavirus pandemic, according to a report by the Democratic-led House Oversight and Reform Committee. https://t.co/i7M6cYOMCc",9,1289350134350872576,2020,8,trump administr fail properli manag negoti contract ventil befor dure coronaviru pandem accord report democraticl hous oversight reform committe
1289350134371770368,60,neutral,2020-08-01 00:00:01+00:00,"Charlottesville, Va",66141.0,0.0,15009049.0,"More than just a health crisis, the coronavirus pandemic has now put a dent into court appointed advocates for children. https://t.co/X5UYfpoxVC",1,1289350134371770368,2020,8,health crisi coronaviru pandem ha put dent court appoint advoc children
1289350134380322818,61,neutral,2020-08-01 00:00:01+00:00,"Rochester, MN",610.0,0.0,8.791618759546184e+17,"Mayo Clinic alone has run more than 424,000 tests. https://t.co/PcuitS3UNb",0,1289350134380322818,2020,8,mayo clinic alon ha run 424000 test
1289350134409465856,62,neutral,2020-08-01 00:00:01+00:00,"Sherman,TX/Ada,OK",12316.0,0.0,17505840.0,"Fresh off quarantine after testing positive for COVID-19, Oklahoma Gov. Kevin Stitt visited Ada Friday morning to check out a few success stories from the state‚Äôs new Business Relief Program. https://t.co/r3v0v9cW0t",0,1289350134409465856,2020,8,fresh quarantin test posit nineteen oklahoma gov kevin stitt visit ada friday morn check success stori state busi relief program
1289350134493396994,63,negative,2020-08-01 00:00:01+00:00,"Huntsville, AL",78355.0,0.0,9899992.0,UPDATED INFORMATION https://t.co/SzAjwAAOsQ,2,1289350134493396994,2020,8,updat inform
1289350134539534337,64,negative,2020-08-01 00:00:01+00:00,My Throne,86.0,0.0,1.2554238366249533e+18,what if they put Harry Potter into the pandemic shit just so he doesnt happen and what if instead of being a story about how humans got superpowers through dark magic they went completely dark dark sword and shield,0,1289350134539534337,2020,8,put harri potter pandem shit doe happen instead stori human get superpow dark magic go complet dark dark sword shield
1289350134610817024,66,negative,2020-08-01 00:00:01+00:00,"Austin, Texas",250.0,1.2891685804797174e+18,598916486.0,"I don't know who needs to hear this but:

Landlord can't pay mortgage on second property ‚û°Ô∏è lose their investment, which they made knowing risks. *Still have a place to live.*

Renter can't pay rent ‚û°Ô∏è *becomes homeless during a pandemic.*

THESE ARE NOT THE SAME PROBLEM.",13734,1289350134610817024,2020,8,know need hear thi landlord pay mortgag second properti lose invest make know risk still place live renter pay rent becom homeless dure pandem problem
1289350134640160770,67,negative,2020-08-01 00:00:01+00:00,"Waco, Temple, Killeen, TX",104708.0,0.0,12469012.0,"Florida reported 257 new COVID-19 related deaths on Friday, marking the fourth day in a row that the state has reported a record number of deaths due to the coronavirus. https://t.co/VqfNyFyYU6",2,1289350134640160770,2020,8,florida report two hundred and fiftyseven nineteen relat death friday mark fourth day row state ha report record number death due coronaviru
1289350134640254977,68,neutral,2020-08-01 00:00:01+00:00,DC,460.0,1.2889742646040003e+18,1.2400789410896527e+18,At least during the 1918 pandemic they had cocaine in their soda,133354,1289350134640254977,2020,8,least dure one thousand nine hundred and eighteen pandem cocain soda
1289350134673707009,69,neutral,2020-08-01 00:00:01+00:00,"Denver, CO",93.0,1.289337574977237e+18,15034212.0,"This administration‚Äôs entire coronavirus response should be investigated from top to bottom.

https://t.co/bQ2JphoUD5",3979,1289350134673707009,2020,8,thi administr entir coronaviru respons investig top bottom
1289350134879330304,70,neutral,2020-08-01 00:00:01+00:00,South Bay,232.0,1.289195637272191e+18,9.799708348561367e+17,"This kid. Checking in with Covid around the world ü§£üòÇüò≥

 https://t.co/1K9mNtwLsk",3114,1289350134879330304,2020,8,thi kid check around world
1289350134958972928,71,negative,2020-08-01 00:00:01+00:00,United States,312.0,0.0,9.451591007149384e+17,"@CancelNEETJEE @DrRPNishank @DG_NTA ‚ÄúDying in pandemic times: My son and my father passed away in a 6-week span‚Äù by Dr. Roshan Danesh: The pandemic has caused many ruptures in our ways of living ‚Äî some of which will be permanent. It is also causing some changes in our experiences of death. 

https://t.co/pCFKS4ERCM",0,1289350134958972928,2020,8,cancelneetje drrpnishank dg_nta dy pandem time son father pass away six week span dr roshan danesh pandem ha caus mani ruptur way live perman also caus chang experi death
1289350135114166272,75,negative,2020-08-01 00:00:01+00:00,"British Columbia, Canada",4271.0,0.0,282716700.0,"""Report: Rob Manfred warns that MLB could shut down by Monday if it can't contain coronavirus"" https://t.co/C5oQwnUVO8 #MLB #coronavirus #RobManfred",0,1289350135114166272,2020,8,report rob manfr warn mlb could shut monday contain coronaviru mlb coronaviru robmanfr
1289350135122554881,76,positive,2020-08-01 00:00:01+00:00,,377.0,0.0,61108211.0,This company. Dirtbags. https://t.co/kce4iLCXVx,1,1289350135122554881,2020,8,thi compani dirtbag
1289350135147683840,78,neutral,2020-08-01 00:00:01+00:00,"Washington, DC",829.0,1.2893391073955635e+18,7.376276080667402e+17,"‚ÄúThere is a genuine cry for help from Adams Morgan‚Äù for @MayorBowser to bring back the street closures, according to Arianne Bennett, co-owner of @amsterdamdc and vp @AdMoBID

When is safe, we must proceed with #open18thstreet! https://t.co/PkgHRSiFi7",3,1289350135147683840,2020,8,genuin cri help adam morgan mayorbows bring back street closur accord ariann bennett coown amsterdamdc vp admobid safe must proceed open18thstreet
1289350135370018819,79,neutral,2020-08-01 00:00:01+00:00,"New Hampshire, USA",10157.0,1.2889398658291466e+18,2574200585.0,Finally received my (negative) COVID test results from the DC government today...28 days after I took the test.,4829,1289350135370018819,2020,8,final receiv neg test result dc govern today twentyeight day take test
1289350135382712321,80,negative,2020-08-01 00:00:01+00:00,,22.0,1.289337573513605e+18,245053489.0,Let‚Äôs not mince words on this one: Americans are dead because the Trump administration wanted to use this pandemic for political gain. https://t.co/YM8CSuF43x,23270,1289350135382712321,2020,8,let minc word thi one american dead becaus trump administr want use thi pandem polit gain
1289350135390957568,81,positive,2020-08-01 00:00:01+00:00,,29.0,0.0,18064878.0,If you need to move from your current residence during the pandemic - Stay Safe! Make sure you know how to do things with safety in mind! #TonyKiani #CalabasasProperties #WoodlandHillsProperties #LosAngelesListings https://t.co/tkO6HP4Isk,0,1289350135390957568,2020,8,need move current resid dure pandem stay safe make sure know thing safeti mind tonykiani calabasasproperti woodlandhillsproperti losangeleslist
1289350135453868032,83,positive,2020-08-01 00:00:01+00:00,,87.0,0.0,357729997.0,"https://t.co/8LJpEH8H46
Such a clever ad",0,1289350135453868032,2020,8,clever ad
1289350135521185792,84,negative,2020-08-01 00:00:01+00:00,Maroc,205.0,1.289223273671037e+18,330226117.0,"Day 152, 7/30, 11:59pm ET
#Coronavirus cases: 4,634,985
#COVID19 deaths: 155,285
CFR: 3.4%

‚ö†Ô∏èWe've exceeded the COMBINED 140,181 US COMBAT DEATHS in:
üîπAfghanistan: 1,833
üîπIraq: 3,836
üîπVietnam: 47,424
üîπKorea: 33,686
üîπWWI: 53,402

""Like magic, it will disappear"" - #TrumpVirus https://t.co/pjMcl1yGC6",208,1289350135521185792,2020,8,day one hundred and fiftytwo 730 1159 pm et coronaviru case 4634 nine hundred and eightyfive covid19 death 155285 cfr exceed combin 140181 combat death afghanistan 1833 iraq 3836 vietnam 47424 korea 33686 wwi 53402 like magic disappear trumpviru
1289350135546224640,85,negative,2020-08-01 00:00:01+00:00,"New York, NY",1298.0,1.2893498940507423e+18,40889366.0,"The daily coronavirus infections in France surged back to lockdown levels, with nearly 188,000 cases of the deadly disease.

However, even as infections surge back to lockdown levels, hospitalizations and fatalities continue to fall.
https://t.co/tfMtvyaz33",4,1289350135546224640,2020,8,daili coronaviru infect franc surg back lockdown level nearli 188000 case deadli diseas howev even infect surg back lockdown level hospit fatal continu fall
1289350138113089537,87,positive,2020-08-01 00:00:02+00:00,"Fort Myers, FL",386.0,0.0,239191960.0,"After running a story today about ‚Äúpandemic dreams‚Äù ‚Äî just woke up from an exceptionally vivid dream about getting shot in the neck. Not fun.

Something that IS fun ‚Äî the tease I wrote for the story this morning. Any opportunity for a @MeekMill refence, I take. https://t.co/uHaNy7Zanb",0,1289350138113089537,2020,8,run stori today pandem dream wake except vivid dream get shoot neck fun someth fun teas write stori thi morn ani opportun meekmil refenc take
1289350138675290112,88,neutral,2020-08-01 00:00:02+00:00,,288.0,1.2893472702451548e+18,3064036066.0,"If there was ever any doubt that digital rights were inseparable from human rights, surely the pandemic - which relegated our whole lives to the digital realm - has erased it. Organizations like @R3Dmx and @derechosdigital are leading the fight in Mexico.

9/",7,1289350138675290112,2020,8,wa ever ani doubt digit right insepar human right sure pandem releg whole live digit realm ha eras organ like r3dmx derechosdigit lead fight mexico nine
1289350138708627456,89,negative,2020-08-01 00:00:02+00:00,Espanola New Mexico,418.0,1.289337573513605e+18,2393054558.0,Let‚Äôs not mince words on this one: Americans are dead because the Trump administration wanted to use this pandemic for political gain. https://t.co/YM8CSuF43x,23270,1289350138708627456,2020,8,let minc word thi one american dead becaus trump administr want use thi pandem polit gain
1289350138717069312,90,neutral,2020-08-01 00:00:02+00:00,,15.0,0.0,1.1954560833655194e+18,Congress must open a second front in our economic war on COVID-19 https://t.co/X9u9BxiVXI,0,1289350138717069312,2020,8,congress must open second front econom war nineteen
1289350138754809857,91,neutral,2020-08-01 00:00:02+00:00,"Massachusetts, USA",31.0,1.287934309744218e+18,1.1110809971210813e+18,At first the troupe thought of lockdown as a two-week pause‚Äîalmost like a vacation. But it stretched on https://t.co/uFxpfT3oJK,80,1289350138754809857,2020,8,first troup think lockdown twoweek paus almost like vacat stretch
1289350138775760897,92,neutral,2020-08-01 00:00:02+00:00,"Manhattan, NY",55.0,0.0,9.649580626867569e+17,CDC: Children might play 'important role' in moving eulogies.,0,1289350138775760897,2020,8,cdc children might play import role move eulog
1289350139019223040,93,neutral,2020-08-01 00:00:02+00:00,"New York, NY",67191.0,1.2893500747581276e+18,65551087.0,The Trump Administration Won A Legal Fight To Slash Federal Payments To Hospitals During The Coronavirus Pandemic https://t.co/4UzPbqGoWK,217,1289350139019223040,2020,8,trump administr win legal fight slash feder payment hospit dure coronaviru pandem
1289350139115524096,94,neutral,2020-08-01 00:00:02+00:00,,15.0,0.0,1.2841307643266048e+18,HCA Healthcare colleagues take on new roles amid pandemic https://t.co/fNt2UKfkYj #HCAHealthcare,0,1289350139115524096,2020,8,hca healthcar colleagu take role amid pandem hcahealthcar
1289350139216183297,96,neutral,2020-08-01 00:00:02+00:00,,43.0,0.0,538330486.0,COVID-masking Infographic https://t.co/K34PfCNG7I,0,1289350139216183297,2020,8,covidmask infograph
1289350139270664193,97,negative,2020-08-01 00:00:02+00:00,"Central Pa, USA",317.0,1.289337573513605e+18,1.0329797549018071e+18,Let‚Äôs not mince words on this one: Americans are dead because the Trump administration wanted to use this pandemic for political gain. https://t.co/YM8CSuF43x,23270,1289350139270664193,2020,8,let minc word thi one american dead becaus trump administr want use thi pandem polit gain
1289350139325292545,98,neutral,2020-08-01 00:00:02+00:00,"San Antonio, TX",448.0,0.0,14475099.0,The Right's War On Science &amp; Experts Escalates Amid COVID-19 | Rantt Media https://t.co/gLQWDbEXDe https://t.co/fZ085rbBv9,0,1289350139325292545,2020,8,right war scienc expert escal amid nineteen rantt media
1289350139396546561,99,negative,2020-08-01 00:00:02+00:00,Near Pasadena CA,2147.0,1.289287076043604e+18,9.581085747182879e+17,Alabama animal shelter overrun as people ditch pets adopted during pandemic https://t.co/rA2aNGBZ5R https://t.co/v9erAaZBKN,73,1289350139396546561,2020,8,alabama anim shelter overrun peopl ditch pet adopt dure pandem
1289350139472216065,100,negative,2020-08-01 00:00:02+00:00,,1687.0,0.0,820248031.0,Prophet Mohammad also taught his followers medical isolation so he ordered them not to enter the places affected with epidemic diseases and not to leave it in order to prevent the spread of diseases.,0,1289350139472216065,2020,8,prophet mohammad also teach hi follow medic isol order enter place affect epidem diseas leav order prevent spread diseas
1289350139849580544,102,neutral,2020-08-01 00:00:02+00:00,,6.0,0.0,1.2668487144941076e+18,Is this your plan; allow #COVID19 to ravage #Americans so that you #DelayTheElection ? #Distraction. @realDonaldTrump #TrumpVirusDeathToll150K #,0,1289350139849580544,2020,8,thi plan allow covid19 ravag american delaytheelect distract realdonaldtrump trumpvirusdeathtoll150k
1289350140101181442,103,negative,2020-08-01 00:00:03+00:00,,294.0,1.2892165822756127e+18,459723529.0,"Dr Fauci just testified that the reason the United States is doing so poorly on its response to covid as illustrated by our case and mortality numbers is the differing governor responses and a lack of a cohesive, unified effort. That‚Äôs the White House, folks. #COVID19",1827,1289350140101181442,2020,8,dr fauci testifi reason unit state poorli respons illustr case mortal number differ governor respons lack cohes unifi effort white hous folk covid19
1289350140126302208,104,negative,2020-08-01 00:00:03+00:00,Bicoastal  Seattle WA / NH ,1557.0,1.2893485988580393e+18,112673061.0,@MollyJongFast Are we sure Covid Gohmert actually tested positive &amp; this isn't a ploy to claim Hydroxy 'cured' him?,4,1289350140126302208,2020,8,mollyjongfast sure gohmert actual test posit thi ploy claim hydroxi cure
1289350140193628162,105,neutral,2020-08-01 00:00:03+00:00,"Tennessee, USA",4195.0,1.2892028607023677e+18,9.59944253567914e+17,"In cases per capita, Sweden now has a rate infection similar to the UK, and its no-lockdown strategy avoided other cataclysmic social and economic consequences.",2969,1289350140193628162,2020,8,case per capita sweden ha rate infect similar uk nolockdown strategi avoid cataclysm social econom consequ
1289350140256333824,106,neutral,2020-08-01 00:00:03+00:00,,7.0,1.2891438813266166e+18,1.1692743823440568e+18,"#BREAKING Hong Kong's leader on Friday said local elections planned for September would be postponed because coronavirus cases have surged in the international finance hub, a move that will infuriate democracy supporters
https://t.co/HVPnyvOWPo https://t.co/djjhdSexOf",3311,1289350140256333824,2020,8,break hong kong leader friday say local elect plan septemb would postpon becaus coronaviru case surg intern financ hub move infuri democraci support
1289350140373815297,107,neutral,2020-08-01 00:00:03+00:00,"Manhattan, NY; London, England",6016.0,1.2892451501037568e+18,7.54455561417089e+17,"BREAKING: A New CDC study of a Georgia summer camp for children showed that 3/4 of tested campers and staff tested positive for COVID.  

Do you still think that schools should reopen?",2036,1289350140373815297,2020,8,break cdc studi georgia summer camp children show test camper staff test posit still think school reopen
1289350140436701185,109,neutral,2020-08-01 00:00:03+00:00,United States,711.0,1.289312851388113e+18,8.166802715379016e+17,"My sister works at a daycare. One of her coworkers was diagnosed with COVID 19, and the school ONLY notified the people in that woman‚Äôs classroom, and no other teachers or parents. Now my sister has COVID.",21883,1289350140436701185,2020,8,sister work daycar one cowork wa diagnos nineteen school onli notifi peopl woman classroom teacher parent sister ha
1289350140638007297,111,negative,2020-08-01 00:00:03+00:00,,368.0,1.2893446454707487e+18,3514746509.0,"Our current testing is not the kind we need for mass &amp; frequent testing to control a pandemic. 

In order to be contagious you need extremely high virus levels &amp; these can be detected by less sensitive tests which are faster &amp; cheaper than the ones mostly commonly being used now.",257,1289350140638007297,2020,8,current test kind need mass frequent test control pandem order contagi need extrem high viru level detect less sensit test faster cheaper one mostli commonli use
1289350141032316928,113,neutral,2020-08-01 00:00:03+00:00,USA,7303.0,1.289349233187971e+18,453394654.0,#FlashbackFriday House passed the $3 trillion HEROES Act coronavirus relief package on May 15. #MoscowMitch sat on it for more than 2 months. #ComplicitGOP  #VoteThemAllOut  https://t.co/JVuRtnMcms,38,1289350141032316928,2020,8,flashbackfriday hous pass three trillion hero act coronaviru relief packag may fifteen moscowmitch sit two month complicitgop votethemallout
1289350141078536196,114,negative,2020-08-01 00:00:03+00:00,,2511.0,1.289345228600537e+18,1.265671926434992e+18,"#BREAKING #news
EU GDP fell 12% due to #covid19

Under Trump's INCOMPETENCE, the US GDP fell off a cliff with a 34% decline in the same period! 

Fitch Ratings revised its outlook on the country‚Äôs credit score to negative from stable https://t.co/QM6ITz5EL8",1,1289350141078536196,2020,8,break eu gdp fell twelve due covid19 trump incompet gdp fell cliff thirtyfour declin period fitch rate revis outlook countri credit score neg stabl
1289350141241987072,116,negative,2020-08-01 00:00:03+00:00,"Florida, USA",5867.0,1.289339616126853e+18,28425649.0,"Covid-19 is killing at least 1000 people every day. So, say a passenger plane carries about 200 people.  America is experiencing the equivalent of five plane crashes each day.  Are we starting to feel like this is normal?",6961,1289350141241987072,2020,8,nineteen kill least one thousand peopl everi day say passeng plane carri two hundred peopl america experienc equival five plane crash day start feel like thi normal
1289350141753737220,117,positive,2020-08-01 00:00:03+00:00,"Romeoville, Illinois",2209.0,0.0,66373379.0,"This will be out last posted concert... because live concerts return next week with the Rockin' the Pandemic concert series. Learn more at https://t.co/hr0xUbAk46.
üé∂ Tonight we bring you... Semple! üéµ
https://t.co/RGqkhzWpDA https://t.co/fWDsNxrjVP",0,1289350141753737220,2020,8,thi last post concert becaus live concert return next week rockin pandem concert seri learn tonight bring sempl
1289350142261227521,118,positive,2020-08-01 00:00:03+00:00,"New York, NY",9.0,0.0,1.2478200668900925e+18,"End your day with this amazing motivational thought.
#MotivationQuotes #trip #style #fashion #flowers #Motivation #hair #nyc #video #Covid19 #Fridayvibes #Friday #love #skilledtrade #Report #Blessed https://t.co/ivq1lUWQsu",0,1289350142261227521,2020,8,end day thi amaz motiv think motivationquot trip style fashion flower motiv hair nyc video covid19 fridayvib friday love skilledtrad report bless
1289350142764572673,119,negative,2020-08-01 00:00:03+00:00,ubec gsc mc,115.0,1.2893455086961418e+18,51668338.0,"Everyday there are mass gatherings - people waiting to get on trains, buses, jeepneys. 

There are mass gatherings of people wanting to leave Metro Manila.

Both scenarios brought about by government incompetence.

How often are street protests compared to these daily events? https://t.co/j2A4x4MU5U",119,1289350142764572673,2020,8,everyday mass gather peopl wait get train buse jeepney mass gather peopl want leav metro manila scenario bring govern incompet often street protest compar daili event
1289350142793887746,120,negative,2020-08-01 00:00:03+00:00,"Cleveland, OH",190.0,0.0,281290137.0,"@hammrtime06 @JackSke60538541 @Noahqb7 @Alan_Fiszman @tedcruz It‚Äôs really unfortunate that COVID-19 is non-discriminatory in when it kills, when it inconveniences, and when it doesn‚Äôt make itself known at all.  

Ah well, that‚Äôs the nature of a virus. A plague on the other hand...well, you‚Äôd know it intimately, seeing as you‚Äôre part of it.",0,1289350142793887746,2020,8,hammrtime06 jackske60538541 noahqb7 alan_fiszman tedcruz realli unfortun nineteen nondiscriminatori kill inconveni doe make know ah well natur viru plagu hand well would know intim see part
1289350142861041664,121,negative,2020-08-01 00:00:03+00:00,,5566.0,0.0,1232540407.0,‚òÖ Why some people who haven't had COVID-19 might already have some immunity - KABC-TV #BreakingNews Please Retweet ‚ûß‚ûß‚ûß https://t.co/iLXGTdb6cK https://t.co/js8qGmhzeq,0,1289350142861041664,2020,8,whi peopl nineteen might alreadi immun kabctv breakingnew pleas
1289350142936547336,122,negative,2020-08-01 00:00:03+00:00,So. Cal,4619.0,1.289339915709358e+18,1.206753515109933e+18,Cuomo frets wealthy taxpayers may not return to his state and city. May not! What a joke.  For sure they aren‚Äôt returning ! I didn‚Äôt think he was even that smart to have the thought. His budget will be half what it was before riots and Covid.,40,1289350142936547336,2020,8,cuomo fret wealthi taxpay may return hi state citi may joke sure return think wa even smart think hi budget half wa befor riot
1289350142953480192,123,negative,2020-08-01 00:00:03+00:00,,15.0,0.0,1.0273021334047867e+18,"With university administrators at a loss over how to navigate a Covid-plagued fall semester, I‚Äôm not surprised that students are now protesting tuition, considering gap years and asking themselves: Is college worth it? https://t.co/zMSk1Bm9I3",1,1289350142953480192,2020,8,univers administr loss navig covidplagu fall semest surpris student protest tuition consid gap year ask themselv colleg worth
1289350142991060993,124,neutral,2020-08-01 00:00:03+00:00,"Los Angeles, CA",169.0,1.2893082068800635e+18,7.42354462518313e+17,I'd really like to know what his physician's rationale is for prescribing a drug that has not been proven to be effective for COVID with a pretty big side effect profile to a 66 year old man. I really would. https://t.co/cgZ1mTlr84,30,1289350142991060993,2020,8,would realli like know hi physician rational prescrib drug ha prove effect pretti big side effect profil sixtysix year old man realli would
1289350142999400453,125,neutral,2020-08-01 00:00:03+00:00,Oregon,1059.0,1.2892318491270185e+18,109615563.0,"You can help slow the spread of #COVID19. Wear a cloth face covering, wash your hands, and stay 6 feet away from others. Each habit adds a layer of protection. https://t.co/jkWwZTxyhs https://t.co/z59W7AHY6C",537,1289350142999400453,2020,8,help slow spread covid19 wear cloth face cover wash hand stay six feet away habit add layer protect
1289350143221760000,128,negative,2020-08-01 00:00:03+00:00,NY,42.0,0.0,8.980040346652918e+17,@Reuters Hit hard by the failed impeachment pandemic,0,1289350143221760000,2020,8,reuter hit hard fail impeach pandem
1289350143251083264,129,neutral,2020-08-01 00:00:03+00:00,,584.0,0.0,7.201864211059548e+17,Florida sets new coronavirus record as U.S. lawmakers bicker at hearing https://t.co/PJgvUmLkAQ,0,1289350143251083264,2020,8,florida set coronaviru record lawmak bicker hear
1289350143263649792,130,neutral,2020-08-01 00:00:03+00:00,,402.0,1.2893497220802478e+18,8.881099973467955e+17,@DrTedros @WHO @Harvard @CassSunstein So if you downplayed corona risk like @CassSunstein you get a promotion?,1,1289350143263649792,2020,8,drtedro harvard casssunstein downplay corona risk like casssunstein get promot
1289350143402299393,132,negative,2020-08-01 00:00:03+00:00,"Duluth, Minnesota",14947.0,0.0,27729848.0,"Minnesota faces a potential $4.7 billion deficit in its next two-year budget due to economic fallout from the coronavirus pandemic.
https://t.co/klIK57SF14 https://t.co/bVHANMwa9s",0,1289350143402299393,2020,8,minnesota face potenti 47 billion deficit next twoyear budget due econom fallout coronaviru pandem
1289350143439822848,133,neutral,2020-08-01 00:00:03+00:00,,707077.0,0.0,22515362.0,"AJ Wolf says he noticed the cheer level dropping, so he pulled his Harley out ahead of schedule. https://t.co/xyZXrV7shG",1,1289350143439822848,2020,8,aj wolf say notic cheer level drop pull hi harley ahead schedul
1289350143469207553,134,negative,2020-08-01 00:00:03+00:00,"England, United Kingdom",195.0,0.0,1.1430690270462157e+18,"I think it may be brits that are germsy. Spain was clear, brits go, lock down. Spikes in parts of the country.",0,1289350143469207553,2020,8,think may brit germsi spain wa clear brit go lock spike part countri
1289350143611789312,135,negative,2020-08-01 00:00:03+00:00,"Listening to a record in Dublin, Ireland",3064.0,0.0,15186239.0,"AOB before sign off: the virus is real. Wash your hands. Wear a mask. Be smart. Winter is coming...to hell with conspiracy theorising fools thinking themselves smart. They should live it. Volunteer in a hospital, assholes. I‚Äôve seen it, it‚Äôs tough.",1,1289350143611789312,2020,8,aob befor sign viru real wash hand wear mask smart winter come hell conspiraci theoris fool think themselv smart live volunt hospit asshol see tough
1289350143611871232,136,negative,2020-08-01 00:00:03+00:00,,2284.0,1.2888188658461204e+18,9.333264620856852e+17,Response to this video has been absolutely insane! Cannot thank everyone enough! 4.5 Million views on TikTok! #COVID19 #covid #corona https://t.co/8i8F8ktJvD,4395,1289350143611871232,2020,8,respons thi video ha absolut insan cannot thank everyon enough million view tiktok covid19 corona
1289350143657926664,137,positive,2020-08-01 00:00:03+00:00,on nikki‚Äôs faceüòò,349.0,1.2890863777750835e+18,9.292493316468326e+17,i promise you that Covid is very real. We‚Äôve lost my mother and her three siblings all in two months. This isn‚Äôt fair,57,1289350143657926664,2020,8,promis veri real lose mother three sibl two month thi fair
1289350143662153728,138,neutral,2020-08-01 00:00:03+00:00,"Madison, WI",53049.0,0.0,16699451.0,"According to the study, the camp adopted most of the components outlined in the CDC document ""Suggestions for Youth and Summer Camps,"" it did not make campers wear cloth face masks -- only the staff. https://t.co/7DDDd7AwXy",0,1289350143662153728,2020,8,accord studi camp adopt compon outlin cdc document suggest youth summer camp make camper wear cloth face mask onli staff
1289350143683174400,139,positive,2020-08-01 00:00:03+00:00,"Corpus Christi, Texas",61877.0,0.0,11609152.0,"‚ÄúI know people worked hard on it: It‚Äôs detailed, it‚Äôs meticulous, but it‚Äôs ambitious,‚Äù said Corpus Christi American Federation of Teachers President Nancy Vera. https://t.co/sdKj2VIZri",0,1289350143683174400,2020,8,know peopl work hard detail meticul ambiti say corpu christi american feder teacher presid nanci vera
1289350143817297920,140,negative,2020-08-01 00:00:03+00:00,,34.0,0.0,1.0534118487315579e+18,#Kushner YOU ARE CRIMINAL @GOP https://t.co/JEJYuXeJhT,0,1289350143817297920,2020,8,kushner crimin gop
1289350143905378305,142,neutral,2020-08-01 00:00:03+00:00,UK,2715.0,0.0,1.2424310006065807e+18,theguardian: 'Coronavirus California: state sees record number of deaths on four separate days' https://t.co/txsXkWM8BE,0,1289350143905378305,2020,8,theguardian coronaviru california state see record number death four separ day
1289350143934750720,143,neutral,2020-08-01 00:00:03+00:00,,90.0,0.0,2342447737.0,Coronavirus live news: WHO reports record spherical daily cases as easing on hold in England,0,1289350143934750720,2020,8,coronaviru live news report record spheric daili case eas hold england
1289350143939026944,144,neutral,2020-08-01 00:00:03+00:00,,4553.0,1.2893486307977216e+18,21127705.0,"David Lemaire, 19, has died from COVID19 complications. I‚Äôve been following his story closely. He graduated from the high school I attended in Lafayette, Louisiana. David &amp; his teenage brother were both hospitalized in the ICU with coronavirus related pneumonia... https://t.co/W2Q5EwczSa",257,1289350143939026944,2020,8,david lemair nineteen ha die nineteen complic follow hi stori close graduat high school attend lafayett louisiana david hi teenag brother hospit icu coronaviru relat pneumonia
1289350143972532224,145,negative,2020-08-01 00:00:03+00:00,,108.0,1.2892297736175575e+18,3118664796.0,We need coronavirus to threaten to testify about Jeffrey Epstein's friends. It will be dead within two days.,6459,1289350143972532224,2020,8,need coronaviru threaten testifi jeffrey epstein friend dead within two day
1289350144043835393,146,neutral,2020-08-01 00:00:03+00:00,,300.0,1.2891741246029578e+18,162235413.0,Hey @metromorning pls raise this with @Sflecce   I can confirm that these are dollars negotiated to restore some of the CUTS to education. This is status quo funding. The government is lying. #onted https://t.co/HT9PKCjLDT,111,1289350144043835393,2020,8,hey metromorn pl rais thi sflecc confirm dollar negoti restor cut educ thi statu quo fund govern lie ont
1289350144148639744,147,negative,2020-08-01 00:00:03+00:00,‚ú®üçÑüßöüèª‚Äç‚ôÄÔ∏èüåøüå∏,370.0,1.2891685804797174e+18,2705222937.0,"I don't know who needs to hear this but:

Landlord can't pay mortgage on second property ‚û°Ô∏è lose their investment, which they made knowing risks. *Still have a place to live.*

Renter can't pay rent ‚û°Ô∏è *becomes homeless during a pandemic.*

THESE ARE NOT THE SAME PROBLEM.",13734,1289350144148639744,2020,8,know need hear thi landlord pay mortgag second properti lose invest make know risk still place live renter pay rent becom homeless dure pandem problem
1289350144203333636,148,negative,2020-08-01 00:00:04+00:00,"Georgia, USA",431.0,1.2888188658461204e+18,268818174.0,Response to this video has been absolutely insane! Cannot thank everyone enough! 4.5 Million views on TikTok! #COVID19 #covid #corona https://t.co/8i8F8ktJvD,4395,1289350144203333636,2020,8,respons thi video ha absolut insan cannot thank everyon enough million view tiktok covid19 corona
1289350144215773185,149,negative,2020-08-01 00:00:04+00:00,,1125.0,0.0,369672854.0,"Hindustan Times - International - Fury as Conservative MP blames non-whites for UK coronavirus surge
 #ukcoronavirussurge #coronavirussurge #furyasconservativemp #HindustanTimesInternational
 - https://t.co/1NP9j5ffBx
    
[https://t.co/Le5SzjKDm8]",0,1289350144215773185,2020,8,hindustan time intern furi conserv mp blame nonwhit uk coronaviru surg ukcoronavirussurg coronavirussurg furyasconservativemp hindustantimesintern
1289350144299692034,150,neutral,2020-08-01 00:00:04+00:00,,27.0,1.2889742646040003e+18,1.1491978697919037e+18,At least during the 1918 pandemic they had cocaine in their soda,133354,1289350144299692034,2020,8,least dure one thousand nine hundred and eighteen pandem cocain soda
1289350144354406401,151,neutral,2020-08-01 00:00:04+00:00,He/him,142.0,1.2892156787428557e+18,7.877051351202202e+17,I‚Äôve worn a mask for five years. You can wear one for a couple months.,13734,1289350144354406401,2020,8,wear mask five year wear one coupl month
1289350144580706305,153,neutral,2020-08-01 00:00:04+00:00,NYC,2424.0,1.2893292118747914e+18,19081646.0,"Manhattan covid deaths:
April: 1000+
May: 439
June: 52
July: 18

There is a path out of this if we do what we're supposed to do.",5235,1289350144580706305,2020,8,manhattan death april one thousand may four hundred and thirtynine june fiftytwo juli eighteen path thi suppos
1289350144584896512,154,negative,2020-08-01 00:00:04+00:00,,2.0,0.0,1.226269697387053e+18,"United States Corona virus
Cases : 4,705,018
Deaths : 156,741 
Recovered : 2,327,072 Projections 
Closed Cases
2,483,813 Cases which had an outcome
2,327,072(94%) Recovered\Discharged
156,741(6%) Deaths 

#covid19 #covid19update #corona #coronaupdate #covid19US #coronaUS",0,1289350144584896512,2020,8,unit state corona viru case 4705 eighteen death 156741 recov 2327 seventytwo project close case 2483 eight hundred and thirteen case outcom 2327 seventytwo ninetyfour recov discharg 156741 six death covid19 covid19upd corona coronaupd covid19u coronau
1289350144668835840,155,neutral,2020-08-01 00:00:04+00:00,dancing or laughing or both,846.0,0.0,3405362290.0,no se si tengo sue√±o or Covid is taking over my body :/,0,1289350144668835840,2020,8,se si tengo suenof take bodi
1289350145771859969,156,positive,2020-08-01 00:00:04+00:00,,272.0,1.2893205780383908e+18,1.24623137364548e+18,"It‚Äôs #WorldBreastfeedingWeek!
ü§±üèªü§±üèºü§±üèΩü§±üèæü§±üèø
 
Being a parent is the most important job in the world. So it‚Äôs important to give parents all the support they need to give their child the best start in life. #Breastfeeding is one of them!
 
Support mums to breastfeed anytime, anywhere! https://t.co/AbLRAKfxlW",2347,1289350145771859969,2020,8,worldbreastfeedingweek parent import job world import give parent support need give child best start life breastfeed one support mum breastfe anytim anywher
1289350146996625411,157,positive,2020-08-01 00:00:04+00:00,,2539.0,1.289198195415888e+18,9.359069528734228e+17,.@GovTimWalz Nice of you to leave it up to the individual school districts when it comes to how they open this fall. Though your mandating children wear masks killed it for me. My kids will not go to school and wear a mask. I am sure other parents feel the same. @MinnesotaMiners,14,1289350146996625411,2020,8,govtimwalz nice leav individu school district come open thi fall though mandat children wear mask kill kid go school wear mask sure parent feel minnesotamin
1289350147005198338,158,negative,2020-08-01 00:00:04+00:00,CE,1605.0,0.0,1.1199007991052288e+18,üò∑ Inhibiting SARS-CoV-2 protease may stop viral replication spread - The Science Board üëâ https://t.co/aHGR1FEdrH üíä #Medical #GroupZirigoza,0,1289350147005198338,2020,8,inhibit sarscov two proteas may stop viral replic spread scienc board medic groupzirigoza
1289350147025940481,159,neutral,2020-08-01 00:00:04+00:00,,389.0,1.2892357937440195e+18,7.681871676590449e+17,My man is checking-in with different countries regarding their coronavirus numbers...üòÇüò≠ü§£ https://t.co/mpkDYMTI1B,17373,1289350147025940481,2020,8,man checkingin differ countri regard coronaviru number
1289350147122450432,160,neutral,2020-08-01 00:00:04+00:00,,697.0,1.2868170272193208e+18,1.1875773705316557e+18,"Ok I recorded the recording because I know they will remove it... why?? 

Vape smoke is 2.5 microns...
Covid is between 0.15-0.25 microns. 

Masks don‚Äôt do shit. https://t.co/l0egyhU9rz",540,1289350147122450432,2020,8,ok record record becaus know remov whi vape smoke 25 micron 015 025 micron mask shit
1289350147315384322,162,negative,2020-08-01 00:00:04+00:00,"Warszawa, Polska",243.0,1.2893476245254267e+18,9.449242728956846e+17,South Korea court approves arrest of sect leader linked to COVID-19 outbreak: Yonhap https://t.co/tKx7nrD7Zs https://t.co/uCOxmv21SB,51,1289350147315384322,2020,8,south korea court approv arrest sect leader link nineteen outbreak yonhap
1289350147344801797,164,negative,2020-08-01 00:00:04+00:00,USA,306.0,0.0,1.1981032514360852e+18,Really? So how many you think were counted wrong as covid? I have five friends who had covid as death. And was remotely not related. And dozens of online accounts which were deleted. https://t.co/XhWrYET9ZC,0,1289350147344801797,2020,8,realli mani think count wrong five friend death wa remot relat dozen onlin account delet
1289350147470585856,166,neutral,2020-08-01 00:00:04+00:00,,95.0,0.0,7.268065532280218e+17,New York COVID-19 patient with 'zero' survival chance returns home after months on a ventilator /bit.ly/33gn06a,0,1289350147470585856,2020,8,york nineteen patient zero surviv chanc return home month ventil bitly33gn06a
1289350147621568512,167,neutral,2020-08-01 00:00:04+00:00,"Redwood City, Calif.",12389.0,0.0,227778014.0,"Partners Pfizer and BioNTech closed their second #COVID19 vaccine procurement deal, will supply Japan with 120M doses of their mRNA vax, starting next year.  $PFE $BNTX https://t.co/ZrbyptJecc",0,1289350147621568512,2020,8,partner pfizer biontech close second covid19 vaccin procur deal suppli japan 120m dose mrna vax start next year pfe bntx
1289350147676057600,168,neutral,2020-08-01 00:00:04+00:00,"North Bay, CA",201.0,1.2889742646040003e+18,306326440.0,At least during the 1918 pandemic they had cocaine in their soda,133354,1289350147676057600,2020,8,least dure one thousand nine hundred and eighteen pandem cocain soda
1289350147940298752,169,neutral,2020-08-01 00:00:04+00:00,,52.0,1.2893103694172324e+18,1.255848224574763e+18,"A new forecast projects that one in three U.S. restaurants could close permanently this year, showing how the #Covid19 pandemic is decimating an industry that employs millions of Americans.

Read more in @business: https://t.co/11OavGbbW8 https://t.co/UzrJnZTd8u",26,1289350147940298752,2020,8,forecast project one three restaur could close perman thi year show covid19 pandem decim industri employ million american read busi
1289350147948781570,170,neutral,2020-08-01 00:00:04+00:00,"Pennsylvania, USA",13.0,1.2889742646040003e+18,1.0748901497319465e+18,At least during the 1918 pandemic they had cocaine in their soda,133354,1289350147948781570,2020,8,least dure one thousand nine hundred and eighteen pandem cocain soda
1289350147982336000,171,negative,2020-08-01 00:00:04+00:00,"Eryth Sea, Bionis.",444.0,1.2891900095478415e+18,1.0426885418206945e+18,"Nintendo multiple times: The pandemic has negatively affected our ability to create and distribute games, but we‚Äôre still trying to give what information we can.
Arlo: No care. Give Pikmin. https://t.co/FEq6SJAg12",555,1289350147982336000,2020,8,nintendo multipl time pandem ha neg affect abil creat distribut game still tri give inform arlo care give pikmin
1289350148003266562,172,neutral,2020-08-01 00:00:04+00:00,Aust,11755.0,1.2893489776959734e+18,1634512056.0,"Whilst most Centrelink payment types, including JobSeeker, were given a $550 per fortnight coronavirus supplement starting in March those on the Disability Support Pension (DSP), Aged Pension or Carer Payment received no such boost. exp
https://t.co/bCB6g5QesW @WgarNews #WgarNews https://t.co/Tov9sF8cF1",34,1289350148003266562,2020,8,whilst centrelink payment type includ jobseek give five hundred and fifty per fortnight coronaviru supplement start march disabl support pension dsp age pension carer payment receiv boost exp wgarnew wgarnew
1289350148049469440,173,neutral,2020-08-01 00:00:04+00:00,Diaspora,21553.0,0.0,449241757.0,#np @brendothesibuor - AFS Corona #Lockdown To Listen Click: https://t.co/wSL1ja02AP,1,1289350148049469440,2020,8,np brendothesibuor af corona lockdown listen click
1289350148095524865,174,neutral,2020-08-01 00:00:04+00:00,Earth ,25171.0,1.2893400067508552e+18,1427297970.0,My ideal Friday night includes social distancing and popping a melatonin at 7,129,1289350148095524865,2020,8,ideal friday night includ social distanc pop melatonin seven
1289350148166836224,175,negative,2020-08-01 00:00:04+00:00,"Washington, USA",28.0,1.2893327949681132e+18,1.0049168570301153e+18,"@donwinslow Listen, I don't want to start a conspiracy theory or anything but you see that white round thing in the bottom center that looks like a fan? I'm pretty sure that's one of them 5G antennas they use to give you the Covid.
Stay safe people, the deep state is trying to kill us. https://t.co/EVs35i84d7",1,1289350148166836224,2020,8,donwinslow listen want start conspiraci theori anyth see white round thing bottom center look like fan pretti sure one 5g antenna use give stay safe peopl deep state tri kill
1289350148263251969,176,negative,2020-08-01 00:00:04+00:00,"Los Angeles, CA",378.0,0.0,71562856.0,@realDonaldTrump #BREAKING 4U #GestapoTrump: IfYouGetOff #Twitter &amp; TRY2 #DoYourJob perhaps #Americans CanEnjoy #progress. ButW/U #racist #COVIDIdiot #TrumpKillsFlorida #Texas; #Traitor for #Russian Gain= #TrumpKillsAmericans Bc #PutinOwnsTrump. #Resign W #respect&amp;AvoidBeing #Fired W #Humiliation https://t.co/8k8qiaL72V,1,1289350148263251969,2020,8,realdonaldtrump break 4u gestapotrump ifyougetoff twitter tri two doyourjob perhap american canenjoy progress butw racist covididiot trumpkillsflorida texa traitor russian gain trumpkillsamerican bc putinownstrump resign w respect avoidb fire w humili
1289350148326187008,177,neutral,2020-08-01 00:00:04+00:00,"Calgary, Alberta, Canada",34467.0,1.2893300600134e+18,815233.0,BREAKING: 3 cases of COVID-19 now connected to St. Francis School in Calgary #yyc https://t.co/3Lou1er6uZ,111,1289350148326187008,2020,8,break three case nineteen connect st franci school calgari yyc
1289350148334657537,178,negative,2020-08-01 00:00:04+00:00,"California, USA",5415.0,1.2893097564153364e+18,1.257770449825489e+18,"Pandemic‚Äôs weight falls on Hispanics and Native Americans, as deaths pass 150,000. Just horrible. The administration just does not care. expendable people to them #EveryVoice https://t.co/QqEpe9oyz6",4,1289350148334657537,2020,8,pandem weight fall hispan nativ american death pass 150000 horribl administr doe care expend peopl everyvoic
1289350148376559616,179,negative,2020-08-01 00:00:04+00:00,Texas!,1839.0,0.0,9284692.0,"@HindlesKitchen @Craig_A_Spencer 160,000+ Americans Dead from COVID-19. That's more Americans Dead than D-Day, 9/11, Korean, Vietnam, Afghanistan, Iraq, and Gulf wars combined!

Is there no one in your life worth protecting?

Is there no one who will mourn you?",1,1289350148376559616,2020,8,hindleskitchen craig_a_spenc 160000 american dead nineteen american dead dday 911 korean vietnam afghanistan iraq gulf war combin one life worth protect one mourn
1289350148452241415,180,neutral,2020-08-01 00:00:05+00:00,"Dallas, Texas",42.0,1.2892681568972964e+18,2931676885.0,Pastor tests positive for coronavirus one week after attending round table event with Trump https://t.co/awJ0ULSNh5,1324,1289350148452241415,2020,8,pastor test posit coronaviru one week attend round tabl event trump
1289350148460408833,181,neutral,2020-08-01 00:00:05+00:00,"Georgia, USA",600.0,1.2892557570036736e+18,58844962.0,One East Valley school district is asking parents to sign an optional waiver that says parents assume all risks and hazards that could come from their child being at school as COVID-19 continues to spread. https://t.co/B2mFm6fTZZ,6,1289350148460408833,2020,8,one east valley school district ask parent sign option waiver say parent assum risk hazard could come child school nineteen continu spread
1289350148506574848,182,negative,2020-08-01 00:00:05+00:00,,137.0,1.2893397718865306e+18,8.241029460443996e+17,Its increasingly clear turns that Coronavirus in the US turned out to be just another opportunity to screw the poor.,1804,1289350148506574848,2020,8,increasingli clear turn coronaviru turn anoth opportun screw poor
1289350148510773248,183,negative,2020-08-01 00:00:05+00:00,"Gold Coast, Australia",1916.0,1.2889935385505546e+18,401160157.0,@barriecassidy This was a monumental ideological con on Australians by the Fed gov. Taxpayers should expect support in a pandemic from the gov. Instead this gov kicks the can along so that a future gov can pick up the cost since the cumulated loss in super will gut retirement savings.,8,1289350148510773248,2020,8,barriecassidi thi wa monument ideolog con australian feed gov taxpay expect support pandem gov instead thi gov kick along futur gov pick cost sinc cumul loss super gut retir save
1289350148519112704,184,negative,2020-08-01 00:00:05+00:00,Argentina,222.0,1.289297464583889e+18,136628718.0,"A tale of three crises: Christiana Figueres on tackling Covid-19, the climate crisis and inequality https://t.co/iPjL3jkPBh via @FT",1,1289350148519112704,2020,8,tale three crise christiana figuer tackl nineteen climat crisi inequ ft
1289350148582064129,185,neutral,2020-08-01 00:00:05+00:00,"New Castle, Pa.",4175.0,0.0,42950890.0,"With the COVID-19 pandemic coinciding with heightened political and racial atmospheres, Shadi Mansour is trying to promote unity within New Castle. https://t.co/K0potliP1K",0,1289350148582064129,2020,8,nineteen pandem coincid heighten polit racial atmospher shadi mansour tri promot uniti within castl
1289350148653539328,186,negative,2020-08-01 00:00:05+00:00,,5020.0,1.288968021156016e+18,8.182460534682624e+17,"It‚Äôs sad I have to say this, but CHILDREN ARE NOT IMMUNE TO CORONAVIRUS.  

Continued misinformation from our leaders must stop. Too much at stake and we are NOT fully prepared to defeat the virus.  

We need direction NOT division. Stop the BS.",187,1289350148653539328,2020,8,sad say thi children immun coronaviru continu misinform leader must stop much stake fulli prepar defeat viru need direct divis stop bs
1289350148749918209,188,negative,2020-08-01 00:00:05+00:00,,1345.0,1.2893389650786345e+18,1246461865.0,"BREAKING REPORT:  Convicted killer RELEASED from California PRISON due to Coronavirus Concerns...

THIS AS PEOPLE ACROSS THE COUNTRY ARE BEING ARRESTED FOR OPENING THEIR BUSINESSES TO SURVIVE...",2396,1289350148749918209,2020,8,break report convict killer releas california prison due coronaviru concern thi peopl across countri arrest open busi surviv
1289350148783407105,189,negative,2020-08-01 00:00:05+00:00,"San Francisco, CA",29.0,1.289184461607723e+18,74827570.0,Sort of obsessed with how Miller doesn't either offer his umbrella to his wife or at least try to hold it over her as they walk through the rain. ü§î https://t.co/O52sJB0n6e,5086,1289350148783407105,2020,8,sort obsess miller doe either offer hi umbrella hi wife least tri hold walk rain
1289350148812705792,190,negative,2020-08-01 00:00:05+00:00,Melbourne,1228.0,1.2893299932988047e+18,139296489.0,"Some prominent journos are now scrambling to make it look like they didn‚Äôt help #NewsCorpse fuckery on #COVID19. We don‚Äôt buy it. You can‚Äôt make a sow‚Äôs ear into a silk purse overnight, &amp; you can‚Äôt bring back dead Victorians by pretending you didn‚Äôt call for that.

WE SEE YOU.",241,1289350148812705792,2020,8,promin journo scrambl make look like help newscorps fuckeri covid19 buy make sow ear silk purs overnight bring back dead victorian pretend call see
1289350148829507584,191,negative,2020-08-01 00:00:05+00:00,NYC/Rockland County/Cape Cod ,58090.0,1.2886219822847345e+18,18184205.0,"@mmpadellan @realDonaldTrump Man who thinks windmills cause cancer, suggested bleach cures Covid, confused Nepal and Bhutan with 'Nipple and Button', altered a weather map with a sharpie and boasts about his ability to recognize an elephant retweets crazy lady who believes in demon seed.

But her emails.",912,1289350148829507584,2020,8,mmpadellan realdonaldtrump man think windmil becaus cancer suggest bleach cure confus nepal bhutan nippl button alter weather map sharpi boast hi abil recogn eleph crazi ladi believ demon seed email
1289350150276620289,192,negative,2020-08-01 00:00:05+00:00,New Delhi,604124.0,0.0,15954704.0,Germany warns against travel to three virus-hit Spanish regions https://t.co/gvoiK7yVIR https://t.co/SmfcVOZ33v,1,1289350150276620289,2020,8,germani warn travel three virushit spanish region
1289350151182512129,193,negative,2020-08-01 00:00:05+00:00,Broad Ripple,186.0,0.0,617568944.0,Using just your eyes would you be able to conclude there is a super bug killing everyone? https://t.co/2lmmsy5U7S,0,1289350151182512129,2020,8,use eye would abl conclud super bug kill everyon
1289350151283208192,194,negative,2020-08-01 00:00:05+00:00,"Manchester, England",471.0,1.2891656976966738e+18,329910163.0,"In Britain today, popularly elected white politicians are blaming citizens who are NOT white for the spread of COVID19. They make up a little over 8-9% of the population, all the while  disproportionately dying because of the government‚Äôs systemic failures.

Britain is racist.",921,1289350151283208192,2020,8,britain today popularli elect white politician blame citizen white spread nineteen make littl popul disproportion die becaus govern system failur britain racist
1289350151341920257,195,neutral,2020-08-01 00:00:05+00:00,,1246.0,1.289350128541864e+18,1.2384676807738941e+18,"At least 17,352,910 cases of coronavirus have been registered in 196 countries and territories. Of these, at least 9,992,800 are now considered recovered. https://t.co/bRQSnBpufh",7,1289350151341920257,2020,8,least 17352 nine hundred and ten case coronaviru regist one hundred and ninetysix countri territori least 9992 eight hundred consid recov
1289350151396446208,196,negative,2020-08-01 00:00:05+00:00,"New York, NY",8490161.0,0.0,14173315.0,Asian Americans are facing dual challenges during the coronavirus pandemic: surging unemployment and racism. https://t.co/H8X2nhYkfF - @NBCAsianAmerica,32,1289350151396446208,2020,8,asian american face dual challeng dure coronaviru pandem surg unemploy racism nbcasianamerica
1289350151463563264,197,negative,2020-08-01 00:00:05+00:00,,362.0,1.289231780516528e+18,20794185.0,"Europe Coronavirus deaths today:

UK: 120
Germany: 0
Spain: 2
France: 0
Italy: 0
Sweden: 0
Ireland: 0
Netherlands: 0
Denmark: 0
Greece: 0
Belgium: 4

Still the Tories lead in the polls

Baffling",3255,1289350151463563264,2020,8,europ coronaviru death today uk one hundred and twenty germani zero spain two franc zero itali zero sweden zero irelan zero netherland zero denmark zero greec zero belgium four still tori lead poll baffl
1289350151568416770,198,negative,2020-08-01 00:00:05+00:00,"Montecito, CA",63.0,0.0,1651604113.0,Very unfortunate https://t.co/8sjnFYu8Uj,0,1289350151568416770,2020,8,veri unfortun
1289350151744548864,199,negative,2020-08-01 00:00:05+00:00,,52.0,0.0,2486501540.0,@vmintiniest @depressdhoe @baby_blue_75 @PopCrave Oh people should not be in crowds also we can spread the virus by protesting with a hundreds of people ü§°ü§°ü§° either u agree with social distancing rules or u don‚Äôt,0,1289350151744548864,2020,8,vmintiniest depressdho baby_blue_75 popcrav oh peopl crowd also spread viru protest hundr peopl either agre social distanc rule
1289350151761301505,200,positive,2020-08-01 00:00:05+00:00,"Texas, USA",22.0,1.2892990303258665e+18,1.0563289657098568e+18,I am taking #Hydroxychloroquine to treat my coronavirus diagnosis. It is what was decided as the best course of action between my doctor and me--not by government bureaucrats. How long until the tech tyrants censor this tweet? https://t.co/dzAYAXiQ8p,18164,1289350151761301505,2020,8,take hydroxychloroquin treat coronaviru diagnosi wa decid best cours action doctor menot govern bureaucrat long tech tyrant censor thi tweet
1289350151790891008,201,negative,2020-08-01 00:00:05+00:00,"Virginia, USA Swamp Adjacent ",823.0,1.2893438665549783e+18,1.0159781567030436e+18,Georgia camp outbreak shows rapid virus spread among children. Camp didn‚Äôt follow CDC rules.  https://t.co/Xij0OWKhkU,41,1289350151790891008,2020,8,georgia camp outbreak show rapid viru spread among children camp follow cdc rule
1289350151795027973,202,neutral,2020-08-01 00:00:05+00:00,Oshawa Ontario,67.0,1.2893200352619028e+18,3268373090.0,"Don‚Äôt double (or triple) dip into the 3-C‚Äôs this weekend, in fact try to stay away from these high-risk settings altogether.  #COVID19 https://t.co/OOYzEin8sc",811,1289350151795027973,2020,8,doubl tripl dip three c thi weekend fact tri stay away highrisk set altogeth covid19
1289350151832625153,203,neutral,2020-08-01 00:00:05+00:00,,1246.0,1.2893501290281943e+18,1.2384676807738941e+18,"Late yesterday Queensland Health authorities issued a Public Health Alert for locations in the West Moreton and Brisbane South area, after a 27-year-old man tested positive for coronavirus. #9News https://t.co/bppaDFDqgc",4,1289350151832625153,2020,8,late yesterday queensland health author issu public health alert locat west moreton brisban south area twentyseven yearold man test posit coronaviru 9new
1289350152000401408,204,positive,2020-08-01 00:00:05+00:00,,208.0,1.2892004147478938e+18,26143255.0,"we
 really
   really
     really
       really
       really
      really
    really
  really
really
really
 really
 really
  really
   really
     really
       really
       really
      really
    really
need you to stop having crowded indoor house parties during a pandemic",8116,1289350152000401408,2020,8,realli realli realli realli realli realli realli realli realli realli realli realli realli realli realli realli realli realli realli need stop crowd indoor hous parti dure pandem
1289350152143036416,205,negative,2020-08-01 00:00:05+00:00,Florida ,2521.0,1.2892615832609792e+18,425133057.0,"The irony of the disclosures in the Vanity Fair story is that the Trump Admin deliberately pushed off COVID responsibility to state governors thinking it would tank blue state leaders.

Instead, Cuomo, Murphy, Whitmer are near highs while DeSantis, Ducey, and Abbott are tanking.",1698,1289350152143036416,2020,8,ironi disclosur vaniti fair stori trump admin deliber push respons state governor think would tank blue state leader instead cuomo murphi whitmer near high desanti ducey abbott tank
1289350152172396546,206,neutral,2020-08-01 00:00:05+00:00,,1246.0,1.2893501293721272e+18,1.2384676807738941e+18,"The startup deals in nature-friendly products such as plantable paper, notepads, carry bags and calendars, and its ‚Äòrakhis‚Äô, aimed at a more sustainable festival, were a big hit.
#RakshaBandhan https://t.co/ed8qRlcZ4l",2,1289350152172396546,2020,8,startup deal naturefriendli product plantabl paper notepad carri bag calendar rakhi aim sustain festiv big hit rakshabandhan
1289350152185159682,207,positive,2020-08-01 00:00:05+00:00,"Las Vegas, Nevada",77421.0,0.0,87267860.0,There's plenty of room to #ComeOutandPlay #TheHarrahsWay and follow Health &amp; Safety protocols! üò∑üëçüíú @GovSisolak #SocialDistancing #maskupNV https://t.co/IfFjXRDxSY,0,1289350152185159682,2020,8,plenti room comeoutandplay theharrahsway follow health safeti protocol govsisolak socialdistanc maskupnv
1289350152243879936,208,negative,2020-08-01 00:00:05+00:00,"Texas, USA",207.0,0.0,2226397836.0,Welcome to my state. We are terrible. https://t.co/G6bCyvUc4b,1,1289350152243879936,2020,8,welcom state terribl
1289350152390500353,210,negative,2020-08-01 00:00:05+00:00,Missouri,3997.0,1.289345489674965e+18,304770988.0,"If kids can infect other kids with #COVID19 at a high rate, they can infect adults. That means kids can infect teachers, school employees, parents &amp; grandparents. Some of those adults will be at high risk. If schools are to physically reopen, they must follow @CDCgov guidelines. https://t.co/ymjMCxrqxA",1485,1289350152390500353,2020,8,kid infect kid covid19 high rate infect adult mean kid infect teacher school employe parent grandpar adult high risk school physic reopen must follow cdcgov guidelin
1289350152482746368,211,neutral,2020-08-01 00:00:05+00:00,,98.0,0.0,3171193850.0,"Not to mention that it seems like it is mostly conservatives who oppose wearing masks, social distancing, etc... https://t.co/vrpdAyjJIG",0,1289350152482746368,2020,8,mention seem like mostli conserv oppos wear mask social distanc etc
1289350152482783232,212,negative,2020-08-01 00:00:05+00:00,"Idaho, USA",217.0,1.289154226677928e+18,9.406064865976115e+17,Read this @realDonaldTrump if even one child dies because you want all schools to open... WE WILL TAKE TO THE STREETS!! https://t.co/thUR8tBeFk,13,1289350152482783232,2020,8,read thi realdonaldtrump even one child die becaus want school open take street
1289350152503754753,213,neutral,2020-08-01 00:00:05+00:00,"Calgary, Alberta",303.0,0.0,376579011.0,"""The Calgary Catholic School District had put strict 'Scenario 2' measures in place for summer classes"" #VeryWorriedAB https://t.co/qBi9wjiwf1",0,1289350152503754753,2020,8,calgari cathol school district put strict scenario two measur place summer class veryworriedab
1289350152533078016,214,negative,2020-08-01 00:00:05+00:00,,318.0,1.289349793396007e+18,1.1088304110088192e+18,"While our cars have sat idle during the #COVID19 lockdown, transport emissions have temporarily plummeted. üöò 

How can the transport sector and consumers embrace the positive impacts of the #lockdown and steer towards low-emission technologies?

https://t.co/0UsRtqChPl",3,1289350152533078016,2020,8,car sit idl dure covid19 lockdown transport emiss temporarili plummet transport sector consum embrac posit impact lockdown steer toward lowemiss technolog
1289350152562438146,215,neutral,2020-08-01 00:00:05+00:00,"California, USA",12496.0,1.289159343024341e+18,1.2085595742921687e+18,So let me get this straight.....the pandemic is so out of control that we need to delay the election but it is so under control that we should open all businesses and send our children back to school?!,1782,1289350152562438146,2020,8,let get thi straight pandem control need delay elect control open busi send children back school
1289350152587640832,216,negative,2020-08-01 00:00:06+00:00,,466.0,1.2893279359509217e+18,8.608325493372723e+17,"As the week ends, I can‚Äôt help but think of the magnitude of 150,000+ Americans dying from the coronavirus. Let‚Äôs not become numb to it. The families of those who have died don‚Äôt care about politics, and politics should not dictate our response to this virus. Science should.",4820,1289350152587640832,2020,8,week end help think magnitud 150000 american die coronaviru let becom numb famili die care polit polit dictat respons thi viru scienc
1289350152629530624,217,negative,2020-08-01 00:00:06+00:00,"Shelbyville, Ky",3357.0,0.0,184126208.0,"When the best and poorest of a society including children for the Riches of Oligarchs by being marched into a PANDEMIC

QUIT BEING DISHONEST AND DON'T CALL YOUR GOVERNMENT A DEMOCRACY FOR WE THE PEOPLE! https://t.co/JHNblKLorK",0,1289350152629530624,2020,8,best poorest societi includ children rich oligarch march pandem quit dishonest call govern democraci peopl
1289350152642150405,218,negative,2020-08-01 00:00:06+00:00,,1246.0,1.2893501292043592e+18,1.2384676807738941e+18,"A hurricane warning is in place in parts of Florida as residents prepare for Isaias‚Äô impact. Preparations for the storm are especially difficult as the state battles the coronavirus pandemic and test sites are forced to shut down. 

@KerryNBC reports for @NBCNightlyNews. https://t.co/HopWE7kpxR",10,1289350152642150405,2020,8,hurrican warn place part florida resid prepar isaia impact prepar storm especi difficult state battl coronaviru pandem test site forc shut kerrynbc report nbcnightlynew
1289350152700850176,219,negative,2020-08-01 00:00:06+00:00,America's wanker,5699.0,1.2893367912547246e+18,3627509358.0,"For four straight days, coronavirus related deaths have exceeded 1,000 per day. Testing continues to lag and states are still struggling to get the supplies they need to combat this pandemic. Trump‚Äôs failing to lead a national response and his incompetence is costing lives.",200,1289350152700850176,2020,8,four straight day coronaviru relat death exceed 1000 per day test continu lag state still struggl get suppli need combat thi pandem trump fail lead nation respons hi incompet cost live
1289350152742813696,221,negative,2020-08-01 00:00:06+00:00,,6.0,1.2886606232035574e+18,1.0763058064113828e+18,"This kind of loss is unamginable. To all of you who choose to party, walk out of your home without a mask, disregard the severity of this virus, it can happen to you too. Wishing her and her brother my absolute best during such a saddening time. https://t.co/y5pTMvwYZh",25159,1289350152742813696,2020,8,thi kind loss unamgin choos parti walk home without mask disregard sever thi viru happen wish brother absolut best dure sadden time
1289350152956915712,223,negative,2020-08-01 00:00:06+00:00,"Brooklyn, NY",295.0,0.0,320367787.0,"@MachG13 @smart_MS3 @SHAQ He‚Äôs clearly been watching football during the lockdown, the fake ball grab as if he was kicked to get a foul on Giannis was expert",0,1289350152956915712,2020,8,machg13 smart_ms3 shaq clearli watch footbal dure lockdown fake ball grab wa kick get foul gianni wa expert
1289350153183215618,224,neutral,2020-08-01 00:00:06+00:00,,151.0,0.0,1.2576175350228746e+18,How Boom-Bust Vaccine Speculation Kneecapped the U.S. Coronavirus Response https://t.co/oqdqPlkWxj via @VanityFair,0,1289350153183215618,2020,8,boombust vaccin specul kneecap coronaviru respons vanityfair
1289350155402018818,226,neutral,2020-08-01 00:00:06+00:00,Nigeria,7066.0,1.289140556493398e+18,174719571.0,"I observed the Eid El-Kabir prayers at home with my family, this morning, in keeping with the advisories from the Presidential Task Force on COVID-19 and the Nigerian Supreme Council for Islamic Affairs. Once again I wish us all a safe and happy Eid. #EidMubarak https://t.co/nprDP4d0yV",2361,1289350155402018818,2020,8,observ eid elkabir prayer home famili thi morn keep advisori presidenti task forc nineteen nigerian suprem council islam affair onc wish safe happi eid eidmubarak
1289350155519500289,227,negative,2020-08-01 00:00:06+00:00,"New Braunfels, TX",113.0,1.289345489674965e+18,52763465.0,"If kids can infect other kids with #COVID19 at a high rate, they can infect adults. That means kids can infect teachers, school employees, parents &amp; grandparents. Some of those adults will be at high risk. If schools are to physically reopen, they must follow @CDCgov guidelines. https://t.co/ymjMCxrqxA",1485,1289350155519500289,2020,8,kid infect kid covid19 high rate infect adult mean kid infect teacher school employe parent grandpar adult high risk school physic reopen must follow cdcgov guidelin
1289350155859144704,228,neutral,2020-08-01 00:00:06+00:00,"Huntington, WV",17525.0,0.0,14838763.0,More than 200 new cases of the novel coronavirus were reported in West Virginia on Friday. https://t.co/k7o4fXkS26,1,1289350155859144704,2020,8,two hundred case novel coronaviru report west virginia friday
1289350155901206528,229,negative,2020-08-01 00:00:06+00:00,Pachamama,1498.0,0.0,1308089893.0,"If this isn‚Äôt a cautionary tale, I don‚Äôt know what would be. #HermanCain 
#ChuckWoolery
#COVID19 https://t.co/eCzsUmTHiW",0,1289350155901206528,2020,8,thi cautionari tale know would hermancain chuckwooleri covid19
1289350156039536640,230,negative,2020-08-01 00:00:06+00:00,NJ,144.0,1.2893498940507423e+18,25607309.0,"The daily coronavirus infections in France surged back to lockdown levels, with nearly 188,000 cases of the deadly disease.

However, even as infections surge back to lockdown levels, hospitalizations and fatalities continue to fall.
https://t.co/tfMtvyaz33",4,1289350156039536640,2020,8,daili coronaviru infect franc surg back lockdown level nearli 188000 case deadli diseas howev even infect surg back lockdown level hospit fatal continu fall
1289350156349894660,233,positive,2020-08-01 00:00:06+00:00,"Edmonton, Alberta",866.0,0.0,2374772652.0,@NatashaEmmCee throw this in for good measure plz  https://t.co/YgRt0SGOyq,1,1289350156349894660,2020,8,natashaemmce throw thi good measur plz
1289350156366880768,234,negative,2020-08-01 00:00:06+00:00,"Ottawa, Ontario, Canada",1084.0,0.0,269263265.0,"I am taking a potion of wolfsbane, eye of newt (the salamander, not Gingrich) and root of the willow to cure my schizophrenic delusion that I know more than medical professionals. It was decided by me and my witch doctor - not govt. bureaucrats - as the best course of action. https://t.co/fK6SizxONo",0,1289350156366880768,2020,8,take potion wolfsban eye newt salamand gingrich root willow cure schizophren delus know medic profession wa decid witch doctor govt bureaucrat best cours action
1289350156526088193,236,neutral,2020-08-01 00:00:06+00:00,,410.0,1.289221030678913e+18,1093590121.0,"""Yes I do‚Äù -- Dr. Anthony Fauci says President Trump's response to the coronavirus saved lives https://t.co/oYRASP4148",9696,1289350156526088193,2020,8,ye dr anthoni fauci say presid trump respons coronaviru save live
1289350156706553858,238,neutral,2020-08-01 00:00:06+00:00,"Washington, D.C.",214016.0,0.0,10880202.0,"Covid-19 caused half of mid-level and major donors to faith-based nonprofits to make special contributions in March through June 2020, a survey found. https://t.co/9gGBLf8xqm",2,1289350156706553858,2020,8,nineteen caus half midlevel major donor faithbas nonprofit make special contribut march june two thousand and twenty survey find
1289350156853211137,239,negative,2020-08-01 00:00:07+00:00,London,25624315.0,0.0,5988062.0,Global electricity use is expected to drop by 5% this year due to coronavirus-induced lockdowns https://t.co/NMXAuE8sgt,21,1289350156853211137,2020,8,global electr use expect drop five thi year due coronavirusinduc lockdown
1289488602397736960,1,neutral,2020-08-01 09:10:15+00:00,,14.0,0.0,2501985361.0,"@IamKICHMO Not yet, eventually though.
These are mainly effects of the pandemic.
Although this pandemic might give a slight push for the EVs.",0,1289488602397736960,2020,8,iamkichmo yet eventu though mainli effect pandem although thi pandem might give slight push ev
1289489278678863873,2,negative,2020-08-01 09:12:56+00:00,camp half blood,1080.0,0.0,601820037.0,The confirmed case of COVID19 in our country is rising in a hell-for-leather manner. Our healthcare workers and medical frontliners need an actual plan and quick action because our healthcare system needs to breathe also. Please listen to their cries of despair just this time. https://t.co/g5zGKLz59t,0,1289489278678863873,2020,8,confirm case nineteen countri rise hellforleath manner healthcar worker medic frontlin need actual plan quick action becaus healthcar system need breath also pleas listen cri despair thi time
1289489739683205120,3,positive,2020-08-01 09:14:46+00:00,,831.0,0.0,1618008601.0,Chunky Pandey. https://t.co/ykTS2vr8hQ,0,1289489739683205120,2020,8,chunki pandey
1289490171583504384,4,neutral,2020-08-01 09:16:29+00:00,üåÖ,352.0,0.0,9.762239892436419e+17,@sexy_domings CDC ate,0,1289490171583504384,2020,8,sexy_dom cdc eat
1289492577830318081,5,negative,2020-08-01 09:26:02+00:00,India,1.0,0.0,7.009138043521802e+17,@cipin_valsan Lockdown never works/worked.,0,1289492577830318081,2020,8,cipin_valsan lockdown never work work
1289492698395639810,6,neutral,2020-08-01 09:26:31+00:00,India,1.0,0.0,7.009138043521802e+17,10% of population... easily https://t.co/88k314oonW,0,1289492698395639810,2020,8,ten popul easili
1289494225323614209,7,negative,2020-08-01 09:32:35+00:00,,99.0,0.0,31710530.0,"@MeanwhileDa @DubCityCouncil @CiaranCuffe @ray_dublin @votemaryfitz @DublinGazette There are residents on the square who put their household rubbish in the public bins. If they are full, they just discard them beside the bins. Ever since the lockdown, the takeaway packages from the capuchin centre on bow street are being discarded all over the square everyday",0,1289494225323614209,2020,8,meanwhileda dubcitycouncil ciarancuff ray_dublin votemaryfitz dublingazett resid squar put household rubbish public bin full discard besid bin ever sinc lockdown takeaway packag capuchin centr bow street discard squar everyday
1289494350586494976,8,negative,2020-08-01 09:33:05+00:00,"Woiwurrung Country, Melbourne",311.0,0.0,1.2436516760466432e+18,Am I allowed to complain about two beloved Australian siblings who fled a hotspot in the middle of a pandemic to another state even when one of them had a COUGH,0,1289494350586494976,2020,8,allow complain two belov australian sibl flee hotspot middl pandem anoth state even one cough
1289495443034923008,9,neutral,2020-08-01 09:37:25+00:00,,101.0,0.0,1.24300157886217e+18,@basiitzargar Agr ye social distancing h to normal days m to khus jaate honge ek dusre m ü§êü§ê,0,1289495443034923008,2020,8,basiitzargar agr ye social distanc h normal day khu jaat hong ek dusr
1289496359729422336,10,positive,2020-08-01 09:41:04+00:00,,414.0,0.0,1.274185452400984e+18,"miss ko na ang hs camping lalo na yung science camp :((( i really miss my friends sa highschool, picnic sa park with them and then sleep overs hays badly wanna see them again pero epal tong pandemicüò≠ https://t.co/aLJX9IgSwu",0,1289496359729422336,2020,8,miss ko na ang hs camp lalo na yung scienc camp realli miss friend sa highschool picnic sa park sleep hay badli want see pero epal tong pandem
1289498507003404289,11,positive,2020-08-01 09:49:36+00:00,Seluar mak kau,128.0,0.0,1.1398882721155236e+18,@Ahmadnisfu_ Good for the both of you then hehe ü•≥üíØ Hope everything is fine especially during the pandemic ü•∫üôåüèæ,0,1289498507003404289,2020,8,ahmadnisfu_ good hehe hope everyth fine especi dure pandem
1289499851562971137,12,negative,2020-08-01 09:54:57+00:00,,1028.0,0.0,1.213426644108505e+18,Don't agree with Charlie on Brexit but he's right on the money here..stop paying start working https://t.co/1SkcKyFlbc,0,1289499851562971137,2020,8,agre charli brexit right money stop pay start work
1289500055884488704,13,negative,2020-08-01 09:55:45+00:00,,1365.0,0.0,1332691008.0,ALL I SEE IS WHITE https://t.co/a86wCU2N9s,0,1289500055884488704,2020,8,see white
1289500317852164097,14,neutral,2020-08-01 09:56:48+00:00,Any prns/16/white,1081.0,0.0,1.1012075788377293e+18,My mum just joked about us having to get a corona test.,0,1289500317852164097,2020,8,mum joke get corona test
1289500452191526912,15,negative,2020-08-01 09:57:20+00:00,"Greensboro, NC",203.0,0.0,9.260764084090184e+17,a hurricane coming during a pandemic bothers me a little.. just a little.,0,1289500452191526912,2020,8,hurrican come dure pandem bother littl littl
